BOF	OMS	OMSSKUMSTR	E1BPE1MATHEAD	0000000053837597
DTA	000000000016069340	HAWA	021004001	00
EOF	OMS	OMSSKUMSTR	E1BPE1MATHEAD	1
BOF	OMS	OMSSKUMSTR	E1BPE1AUSPRT	0000000053837597
DTA	TLW01	01
EOF	OMS	OMSSKUMSTR	E1BPE1AUSPRT	1
BOF	OMS	OMSSKUMSTR	E1BPE1MARART	0000000053837597
DTA		EA					1	
EOF	OMS	OMSSKUMSTR	E1BPE1MARART	1
BOF	OMS	OMSSKUMSTR	E1BPE1MAW1RT	0000000053837597
DTA	TW		
EOF	OMS	OMSSKUMSTR	E1BPE1MAW1RT	1
BOF	OMS	OMSSKUMSTR	E1BPE1MAKTRT	0000000053837597
DTA	M	彩色橫配線小壁插 (碧藍色)
EOF	OMS	OMSSKUMSTR	E1BPE1MAKTRT	1
BOF	OMS	OMSSKUMSTR	E1BPE1MARMRT	0000000053837597
DTA	EA	1	10.000	8.500	2.680	CM	0.228	L	0.027	KG
DTA	ZEC	1	4.000	2.600	3.280	CM	34.112	CCM	0.016	KG
EOF	OMS	OMSSKUMSTR	E1BPE1MARMRT	2
BOF	OMS	OMSSKUMSTR	E1BPE1MEANRT	0000000053837597
DTA	EA	2001606934018	ZT
DTA	EA	4710751120723	HE
EOF	OMS	OMSSKUMSTR	E1BPE1MEANRT	2
BOF	OMS	OMSSKUMSTR	E1BPE1MLTXRT	0000000053837597
EOF	OMS	OMSSKUMSTR	E1BPE1MLTXRT	0
BOF	OMS	OMSSKUMSTR	ZMARA	0000000053837597
DTA								N	1	個	B010		N		N		000	000	
EOF	OMS	OMSSKUMSTR	ZMARA	1
BOF	OMS	OMSSKUMSTR	ZSTPO	0000000053837597
EOF	OMS	OMSSKUMSTR	ZSTPO	0
BOF	OMS	OMSSKUMSTR	ZPACKAGE	0000000053837597
EOF	OMS	OMSSKUMSTR	ZPACKAGE	0
BOF	OMS	OMSSKUMSTR	ZMARA2	0000000053837597
DTA	機身採用聚碳酸酯(PC)材質，具高耐熱、阻燃效果、防火又耐摔	導電銅片銜接處採無氧銅沖壓鉚合，有效地大幅降低銜接處抗阻	優質銅片加上雙面夾持式刃座構造，高導性且持久不易老化、疲乏	台灣製，外銷日本機種	搭配橫向插座排列的延長線使用，可有效避免大型插頭多佔插座孔位								機身採用聚碳酸酯(PC)材質，具高耐熱、阻燃效果、防火又耐摔	導電銅片銜接處採無氧銅沖壓鉚合，有效地大幅降低銜接處抗阻	優質銅片加上雙面夾持式刃座構造，高導性且持久不易老化、疲乏	台灣製，外銷日本機種	搭配橫向插座排列的延長線使用，可有效避免大型插頭多佔插座孔位							
EOF	OMS	OMSSKUMSTR	ZMARA2	1
BOF	OMS	OMSSKUMSTR	ZMARA3	0000000053837597
EOF	OMS	OMSSKUMSTR	ZMARA3	0
BOF	OMS	OMSSKUMSTR	ZMARC	0000000053837597
DTA	1ZDC	S	N	49	TWD	N	0	3		0.000			0	0	0				1	X	30
EOF	OMS	OMSSKUMSTR	ZMARC	1
BOF	OMS	OMSSKUMSTR	ZEINA	0000000053837597
DTA	1000	0000181193	12072				X	T05	0.000	0.000	30	AA			30							
EOF	OMS	OMSSKUMSTR	ZEINA	1
END