BOF	OMS	OMSDYSALES	H1
DTA	SLKEY0001	1A01	20160617	001	A001	15:31:14	C1	1	1	1234567890	VIP12345	BK	B001	B001S	POGI	LALA	0	1	2	SLKEY0000	543	5430	5701.5	0	0	271.5	POGI	20160618	DS101	N	1A02	NG	NG001
EOF	OMS	OMSDYSALES	H1	1
BOF	OMS	OMSDYSALES	D1
DTA	SLKEY0001	1	SH-00033014	000000000016038276	000000000016038276	2001603827610	HAWA	1	543	10	5430	10	10	271.5	021	011	001	E001	M001	S001	D	E002	9	R
EOF	OMS	OMSDYSALES	D1	1
BOF	OMS	OMSDYSALES	G1
DTA	SLKEY0001	SH-00033014	20160617		SO001	SO	5701.5	0	0	1	271.5	5430	C	P	0517	1	U001	U001	566		
EOF	OMS	OMSDYSALES	G1	1
BOF	OMS	OMSDYSALES	P1
DTA	SLKEY0001	1	SH-00033014	A	5430	1111222233334444	88888888	822	VISA	04	4	1.1	30	P1
EOF	OMS	OMSDYSALES	P1	1
END