BOF	OMS	OMSSKUMSTR	E1BPE1MATHEAD	0000000086502568
DTA	000000000014194374	HAWA	055008003	00
EOF	OMS	OMSSKUMSTR	E1BPE1MATHEAD	1
BOF	OMS	OMSSKUMSTR	E1BPE1AUSPRT	0000000086502568
EOF	OMS	OMSSKUMSTR	E1BPE1AUSPRT	0
BOF	OMS	OMSSKUMSTR	E1BPE1MARART	0000000086502568
DTA		EA					1	
EOF	OMS	OMSSKUMSTR	E1BPE1MARART	1
BOF	OMS	OMSSKUMSTR	E1BPE1MAW1RT	0000000086502568
DTA	TW		
EOF	OMS	OMSSKUMSTR	E1BPE1MAW1RT	1
BOF	OMS	OMSSKUMSTR	E1BPE1MAKTRT	0000000086502568
DTA	E	X'mas special order
DTA	M	客訂商品(7呎白聖誕樹)
EOF	OMS	OMSSKUMSTR	E1BPE1MAKTRT	2
BOF	OMS	OMSSKUMSTR	E1BPE1MARMRT	0000000086502568
DTA	EA	1	2.000	2.000	2.000	CM	0.008	L	2.000	KG
DTA	ZEC	1	1.000	1.000	1.000	CM	0.001	L	1.000	KG
EOF	OMS	OMSSKUMSTR	E1BPE1MARMRT	2
BOF	OMS	OMSSKUMSTR	E1BPE1MEANRT	0000000086502568
DTA	EA	2001419437416	ZT
EOF	OMS	OMSSKUMSTR	E1BPE1MEANRT	1
BOF	OMS	OMSSKUMSTR	E1BPE1MLTXRT	0000000086502568
EOF	OMS	OMSSKUMSTR	E1BPE1MLTXRT	0
BOF	OMS	OMSSKUMSTR	ZMARA	0000000086502568
DTA						塑膠			1	個	P002		Y	3	N		000	000		
EOF	OMS	OMSSKUMSTR	ZMARA	1
BOF	OMS	OMSSKUMSTR	ZPLMARK	0000000086502568
DTA	
EOF	OMS	OMSSKUMSTR	ZPLMARK	1
BOF	OMS	OMSSKUMSTR	ZPLDATE	0000000086502568
DTA	00000000
EOF	OMS	OMSSKUMSTR	ZPLDATE	1
BOF	OMS	OMSSKUMSTR	ZSTPO	0000000086502568
EOF	OMS	OMSSKUMSTR	ZSTPO	0
BOF	OMS	OMSSKUMSTR	ZPACKAGE	0000000086502568
EOF	OMS	OMSSKUMSTR	ZPACKAGE	0
BOF	OMS	OMSSKUMSTR	ZMARA2	0000000086502568
DTA	客訂商品	客訂商品	客訂商品										客訂商品	客訂商品	客訂商品									
EOF	OMS	OMSSKUMSTR	ZMARA2	1
BOF	OMS	OMSSKUMSTR	ZMARA3	0000000086502568
DTA						
EOF	OMS	OMSSKUMSTR	ZMARA3	1
BOF	OMS	OMSSKUMSTR	ZMARC	0000000086502568
DTA	1ZDC	S	N	8600	TWD		0	3		0.000			0	0	0				1	X	1
EOF	OMS	OMSSKUMSTR	ZMARC	1
BOF	OMS	OMSSKUMSTR	ZEINA	0000000086502568
DTA	1000	0000190735	B001				X	T03	0.000	0.000	1	AA			1	15.00			0		00000000	00000000	
EOF	OMS	OMSSKUMSTR	ZEINA	1
END