BOF	OMS	OMSCBEIP02	H1	EIPCNCSMST_20151021092002724.csv
DTA	C00000003339	T27	鈜景食品企業股份有限公司	2015	141162	合營	20150914	月結30天	T030	20151001	20160331				0.0	notallpay	0	0	1500000	HOLA鮮綠內湖店		12.0	H04	0.0	H07	0	H06	0.0	H09	0	H05	0.0	H08	0	D11	0.0		合作經營銷售合約特別約定：一、設櫃分店坪數於合約期間會視不同情況有所有修改。一、其他主要條款於合作經營合約中訂定。二、合約期滿前，廠商經特力屋同意後得續約。惟雙方應於合約期滿前45日內，重新簽定新合約。三、廠商於簽約時，應以電匯匯入或開立即期之銀行本票方式，交付上述約定之合營保證票金額予特力屋，作為履約保證，該項履約保證金於廠商履約一個月後，特力屋無息返還，廠商如未能依約定日期履約，特力屋得沒收該履約保證金，以賠償特力屋之損失。四、特力屋於收到供應商發票核對無誤後, 於買賣合約約定付款到期日後最早屆至之當月1日或15日(遇假日順延)將貨款滙至供應商帳戶。	20150914				RT001529	54180161
EOF	OMS	OMSCBEIP02	H1	1
BOF	OMS	OMSCBEIP02	D1	EIPCNCSMST_20151021092002724.csv
DTA	C00000003339	1019159	1008189	B0	HOLA	1BM1	HOLA鮮綠內湖店	1.5	8402.0
EOF	OMS	OMSCBEIP02	D1	1
BOF	OMS	OMSCBEIP02	D2	EIPCNCSMST_20151021092002724.csv
EOF	OMS	OMSCBEIP02	D2	0
BOF	OMS	OMSCBEIP02	D3	EIPCNCSMST_20151021092002724.csv
EOF	OMS	OMSCBEIP02	D3	0
BOF	OMS	OMSCBEIP02	D4	EIPCNCSMST_20151021092002724.csv
DTA	C00000003339	D05	0	0.0	
DTA	C00000003339	D13	3	0.0	
DTA	C00000003339	D14	6	0.0	
DTA	C00000003339	D15	12	0.0	
DTA	C00000003339	D16	24	0.0	
EOF	OMS	OMSCBEIP02	D4	5
END