BOF	OMS	OMSCBEIP02	H1	EIPCNCSMST_20170412172046433.csv
DTA	C00000003929	T09	督洋生技股份有限公司	2017	140726	合營	20170322	月結60天	T060	20170101	20170531				0.0	allpay	900000	108000	0	TLW北高雄店		12.0	H04	3.0	H07	0	H06	3.0	H09	0	H05	3.0	H08	0	D11	0.0		合作經營銷售合約特別約定： 一、設櫃分店坪數於合約期間會視不同情況有所有修改。 一、其他主要條款於合作經營合約中訂定。 二、合約期滿前，廠商經特力屋同意後得續約。惟雙方應於合約期滿前45日內，重新簽定新合約。 三、廠商於簽約時，應以電匯匯入或開立即期之銀行本票方式，交付上述約定之合營保證票金額予特力屋，作為履約保證，該項履約保證金於廠商履約一個月後，特力屋無息返還，廠商如未能依約定日期履約，特力屋得沒收該履約保證金，以賠償特力屋之損失。 四、特力屋於收到供應商發票核對無誤後, 於買賣合約約定付款到期日後最早屆至之當月1日或15日(遇假日順延)將貨款滙至供應商帳戶。 五、採分期費率均值之廠商知悉並同意自2017年起信用卡手續費係以特力屋之合作銀行之各期別分期費率之平均值計算，其具體費率、比例及適用起迄日，特力屋將另行以電子郵件方式通知供應商並公告於供應商管理平台系統(特力屋保留隨時調整之權利)，並且特力屋得逕自應付貨款中進行扣抵。	20170322				RT003617	12983884	0
EOF	OMS	OMSCBEIP02	H1	1
BOF	OMS	OMSCBEIP02	D1	EIPCNCSMST_20170412172046433.csv
DTA	C00000003929	1027231	1011312	A0	TLW	1A21	TLW北高雄店	4.5	3353.0
EOF	OMS	OMSCBEIP02	D1	1
BOF	OMS	OMSCBEIP02	D2	EIPCNCSMST_20170412172046433.csv
EOF	OMS	OMSCBEIP02	D2	0
BOF	OMS	OMSCBEIP02	D3	EIPCNCSMST_20170412172046433.csv
EOF	OMS	OMSCBEIP02	D3	0
BOF	OMS	OMSCBEIP02	D4	EIPCNCSMST_20170412172046433.csv
DTA	C00000003929	D05	0	0.0	
DTA	C00000003929	D13	3	0.0	
DTA	C00000003929	D14	6	0.0	
DTA	C00000003929	D15	12	0.0	
DTA	C00000003929	D16	24	0.0	
EOF	OMS	OMSCBEIP02	D4	5
END