BOF	OMS	OMSCBEIP02	H1	EIPCNCSMST_20151007143408782.csv
DTA	C00000003353	T30	裙藝企業有限公司	2015	141956	專櫃	20151005	月結60天	T060	20151101	20160131				0.0	allpay	1000000	150000	0	TLW內湖店HOLA台北內湖店		15.0	H04	3.0	H07	0	H06	3.0	H09	0	H05	3.0	H08	0	D11	2000.0		合作經營銷售合約特別約定：一、設櫃分店坪數於合約期間會視不同情況有所有修改。一、其他主要條款於合作經營合約中訂定。二、合約期滿前，廠商經特力屋同意後得續約。惟雙方應於合約期滿前45日內，重新簽定新合約。三、廠商於簽約時，應以電匯匯入或開立即期之銀行本票方式，交付上述約定之合營保證票金額予特力屋，作為履約保證，該項履約保證金於廠商履約一個月後，特力屋無息返還，廠商如未能依約定日期履約，特力屋得沒收該履約保證金，以賠償特力屋之損失。四、特力屋於收到供應商發票核對無誤後, 於買賣合約約定付款到期日後最早屆至之當月1日或15日(遇假日順延)將貨款滙至供應商帳戶。	20151005				H00087	86775474
EOF	OMS	OMSCBEIP02	H1	1
BOF	OMS	OMSCBEIP02	D1	EIPCNCSMST_20151007143408782.csv
DTA	C00000003353	1380884	1080516	B0	HOLA	1B03	HOLA台北內湖店	0.61	8298.0
DTA	C00000003353	1360884	1080516	A0	TLW	1A07	TLW內湖店	0.5	9367.0
EOF	OMS	OMSCBEIP02	D1	2
BOF	OMS	OMSCBEIP02	D2	EIPCNCSMST_20151007143408782.csv
EOF	OMS	OMSCBEIP02	D2	0
BOF	OMS	OMSCBEIP02	D3	EIPCNCSMST_20151007143408782.csv
EOF	OMS	OMSCBEIP02	D3	0
BOF	OMS	OMSCBEIP02	D4	EIPCNCSMST_20151007143408782.csv
DTA	C00000003353	D05	0	2.0	
DTA	C00000003353	D13	3	2.0	
DTA	C00000003353	D14	6	2.0	
DTA	C00000003353	D15	12	2.0	
DTA	C00000003353	D16	24	2.0	
EOF	OMS	OMSCBEIP02	D4	5
END