BOF	OMS	OMSIVPOSAP	MST	0000000000324998
DTA	TWD	1.00000	1102296041	ZP41	1000	T99		1010	20160405	0000191476	Z000000003	CRM	RT000767	魏玉美
EOF	OMS	OMSIVPOSAP	MST	1
BOF	OMS	OMSIVPOSAP	MST_NOTE	0000000000324998
DTA	F02	調節庫存,退回庫存量偏高之型號機種
DTA	F02	請退新品,展示瑕疵勿退
EOF	OMS	OMSIVPOSAP	MST_NOTE	2
BOF	OMS	OMSIVPOSAP	SKU	0000000000324998
DTA	00001	001	1.000	PAK	56	10	56	018003001	1A34	0001	R17	1	20160329	000000000000324998				MP天然環保清潔劑檸檬酸650g	F01	調節庫存,退回庫存量偏高之型號機種
EOF	OMS	OMSIVPOSAP	SKU	1
END